<?xml version="1.0" encoding="UTF-8"?>
<metadata xml:lang="zh"><Esri><CreaDate>20180111</CreaDate><CreaTime>01150200</CreaTime><ArcGISFormat>1.0</ArcGISFormat><SyncOnce>TRUE</SyncOnce><DataProperties><lineage><Process ToolSource="d:\program files (x86)\arcgis\desktop10.2\ArcToolbox\Toolboxes\Data Management Tools.tbx\CalculateField" Date="20171003" Time="095259">CalculateField landslide_001_poly Id "[FID] + 1" VB #</Process><Process ToolSource="d:\program files (x86)\arcgis\desktop10.2\ArcToolbox\Toolboxes\Data Management Tools.tbx\CalculateField" Date="20171003" Time="095339">CalculateField landslide_001_poly CODE "S1_"&amp;[Id] VB #</Process><Process ToolSource="d:\program files (x86)\arcgis\desktop10.2\ArcToolbox\Toolboxes\Data Management Tools.tbx\CalculateField" Date="20171003" Time="100525">CalculateField landslide_001_poly Id "[Id] +1" VB #</Process><Process ToolSource="d:\program files (x86)\arcgis\desktop10.2\ArcToolbox\Toolboxes\Data Management Tools.tbx\CalculateField" Date="20171003" Time="100532">CalculateField landslide_001_poly CODE "S1_"&amp;[Id] VB #</Process><Process ToolSource="d:\program files (x86)\arcgis\desktop10.2\ArcToolbox\Toolboxes\Data Management Tools.tbx\CalculateField" Date="20171003" Time="100548">CalculateField landslide_001_poly Id "[FID] + 1" VB #</Process><Process ToolSource="d:\program files (x86)\arcgis\desktop10.2\ArcToolbox\Toolboxes\Data Management Tools.tbx\CalculateField" Date="20171003" Time="100554">CalculateField landslide_001_poly CODE "S1_"&amp;[Id] VB #</Process><Process ToolSource="d:\program files (x86)\arcgis\desktop10.2\ArcToolbox\Toolboxes\Data Management Tools.tbx\CalculateField" Date="20171018" Time="124020">CalculateField landslide_001_poly Id "[FID] + 1" VB #</Process><Process ToolSource="d:\program files (x86)\arcgis\desktop10.2\ArcToolbox\Toolboxes\Data Management Tools.tbx\CalculateField" Date="20171018" Time="124105">CalculateField landslide_001_poly CODE ""S1" &amp; [Id]" VB #</Process><Process ToolSource="d:\program files (x86)\arcgis\desktop10.2\ArcToolbox\Toolboxes\Data Management Tools.tbx\CalculateField" Date="20171018" Time="124119">CalculateField landslide_001_poly CODE ""S1_" &amp; [Id]" VB #</Process><Process ToolSource="c:\program files (x86)\arcgis\desktop10.2\ArcToolbox\Toolboxes\Data Management Tools.tbx\CalculateField" Date="20180110" Time="095203">CalculateField Dominica_landslide_boundary Copyright VanWesten&amp;Zhang_ITC_UT VB #</Process><Process ToolSource="c:\program files (x86)\arcgis\desktop10.2\ArcToolbox\Toolboxes\Data Management Tools.tbx\CalculateField" Date="20180110" Time="095220">CalculateField Dominica_landslide_boundary Copyright "VanWesten&amp;Zhang_ITC_UT" VB #</Process><Process ToolSource="c:\program files (x86)\arcgis\desktop10.2\ArcToolbox\Toolboxes\Data Management Tools.tbx\CalculateField" Date="20180110" Time="095316">CalculateField Dominica_landslide_boundary Date "2017-09-23" VB #</Process><Process ToolSource="c:\program files (x86)\arcgis\desktop10.2\ArcToolbox\Toolboxes\Data Management Tools.tbx\CalculateField" Date="20180110" Time="095340">CalculateField Dominica_landslide_boundary Date "2017-10-05" VB #</Process><Process ToolSource="c:\program files (x86)\arcgis\desktop10.2\ArcToolbox\Toolboxes\Data Management Tools.tbx\CalculateField" Date="20180110" Time="095427">CalculateField Dominica_landslide_boundary Image "Pléiades" VB #</Process><Process ToolSource="c:\program files (x86)\arcgis\desktop10.2\ArcToolbox\Toolboxes\Data Management Tools.tbx\CalculateField" Date="20180110" Time="095445">CalculateField Dominica_landslide_boundary Image "Pléiades" VB #</Process><Process ToolSource="c:\program files (x86)\arcgis\desktop10.2\ArcToolbox\Toolboxes\Data Management Tools.tbx\CalculateField" Date="20180110" Time="095549">CalculateField Dominica_landslide_boundary Id "[FID] + 1" VB #</Process><Process ToolSource="c:\program files (x86)\arcgis\desktop10.2\ArcToolbox\Toolboxes\Data Management Tools.tbx\CalculateField" Date="20180110" Time="095603">CalculateField Dominica_landslide_boundary Id "[FID] + 1" VB #</Process></lineage></DataProperties></Esri></metadata>
